season,risk,reward,bat_landing_to_food,rat_arrival_number
0.0,0.5629139072847682,0.36423841059602646,6.03962255794702,
1.0,0.48148148148148145,0.5674603174603174,12.84633528840344,
